{
  "version": "1.1.1",
  "windows": {
    "main": {
      "main": true,
      "url": "app://editor/index.html",
      "windowType": "dockable",
      "x": 1944,
      "y": 77,
      "width": 1838,
      "height": 922,
      "layout": {
        "type": "dock-h",
        "children": [
          {
            "width": 204,
            "height": 803.5,
            "type": "dock-v",
            "children": [
              {
                "width": 204,
                "height": 398.75,
                "type": "panel",
                "active": 0,
                "children": [
                  "hierarchy"
                ]
              },
              {
                "width": 204,
                "height": 401.75,
                "type": "panel",
                "active": 0,
                "children": [
                  "assets"
                ]
              }
            ]
          },
          {
            "width": 969,
            "height": 803.5,
            "type": "dock-v",
            "children": [
              {
                "width": 969,
                "height": 530.671875,
                "type": "panel",
                "active": 0,
                "children": [
                  "scene"
                ]
              },
              {
                "width": 969,
                "height": 269.828125,
                "type": "panel",
                "active": 0,
                "children": [
                  "console",
                  "timeline",
                  "game-window"
                ]
              }
            ]
          },
          {
            "width": 643,
            "height": 803.5,
            "type": "panel",
            "active": 0,
            "children": [
              "inspector",
              "cocos-services"
            ]
          }
        ]
      },
      "panels": [
        "hierarchy",
        "assets",
        "scene",
        "console",
        "timeline",
        "game-window",
        "inspector",
        "cocos-services"
      ]
    },
    " common-asset-worker-worker": {}
  },
  "panels": {
    "project-settings": {
      "x": 601,
      "y": 345,
      "width": 600,
      "height": 565
    },
    "builder": {
      "x": 1948,
      "y": 201,
      "width": 516,
      "height": 744
    },
    "sprite-editor": {
      "x": -8,
      "y": -8,
      "width": 1936,
      "height": 1056
    },
    "store": {
      "x": 131,
      "y": 156,
      "width": 1455,
      "height": 739
    },
    "preferences": {
      "x": 329,
      "y": 270,
      "width": 726,
      "height": 565
    }
  },
  "panelLabelWidth": {}
}
