{
  "2a646b42-5211-4982-a53f-3e6b9ca02273": {
    "asset": 1659582926247,
    "meta": 1659582978515,
    "relativePath": "script"
  },
  "7b366057-c830-41d3-bf0c-377e80680610": {
    "asset": 1659583703037,
    "meta": 1660027769470,
    "relativePath": "resources"
  },
  "ceaa06e6-6c2c-455a-a40e-8d085f917297": {
    "asset": 1659582926253,
    "meta": 1659582978547,
    "relativePath": "script\\web3"
  },
  "0015592c-a85d-435a-a7c0-c46fc1c99421": {
    "asset": 1659582926261,
    "meta": 1659582978547,
    "relativePath": "script\\web3\\dist"
  },
  "ee5defe8-020d-46de-ac31-8ef23af86bba": {
    "asset": 1642503198147,
    "meta": 1642509758714,
    "relativePath": "script\\web3\\dist\\web3.min.js"
  },
  "a4328c72-3d9f-43d4-b8c7-5266f46ce542": {
    "asset": 1659582926226,
    "meta": 1659582978547,
    "relativePath": "script\\json"
  },
  "e7c35cfb-fd77-4aa4-ba09-66745c57b7f9": {
    "asset": 1618793448000,
    "meta": 1642661975317,
    "relativePath": "script\\json\\dirtyFont.json"
  },
  "fb236972-7b18-4867-9338-ae9bd391f49a": {
    "asset": 1659582926243,
    "meta": 1659582978547,
    "relativePath": "script\\rsa"
  },
  "b28a4d2f-7572-4833-9cd2-99dfa3945dea": {
    "asset": 1642824926808,
    "meta": 1642824928720,
    "relativePath": "script\\rsa\\jsencrypt.min.js"
  },
  "b170a750-dab7-4dd6-84fb-8a40ad331a3c": {
    "asset": 1642836541147,
    "meta": 1642836543262,
    "relativePath": "script\\rsa\\jsencrypt.js"
  },
  "cf098d5a-932a-4b84-9c57-566dc69b95e6": {
    "asset": 1643118878065,
    "meta": 1643118879017,
    "relativePath": "script\\Base64.ts"
  },
  "6d405f16-3362-4c44-9876-0bfa1a7811ea": {
    "asset": 1643118868601,
    "meta": 1643118879072,
    "relativePath": "script\\SingtonClass.ts"
  },
  "59e9edc1-eb90-44ba-9214-78a18625339a": {
    "asset": 1659582924947,
    "meta": 1659582978515,
    "relativePath": "prefab"
  },
  "6bf5625e-6bac-422d-a95c-f1c5931e8b07": {
    "asset": 1643264453348,
    "meta": 1643264453355,
    "relativePath": "prefab\\loading.prefab"
  },
  "80092716-8a88-42c8-af0a-5c29aff42c62": {
    "asset": 1644982466054,
    "meta": 1644982504645,
    "relativePath": "script\\init.ts"
  },
  "437b97df-fb3c-4da3-877a-57280acbe3bd": {
    "asset": 1659582924994,
    "meta": 1659582978515,
    "relativePath": "resources\\config"
  },
  "f3521588-c917-4b4c-9cb1-032cea700560": {
    "asset": 1645096413756,
    "meta": 1645096627565,
    "relativePath": "script\\App.ts"
  },
  "61306cea-e44f-44a9-a18d-52162e677758": {
    "asset": 1645428372903,
    "meta": 1645428374386,
    "relativePath": "script\\ContractCall.ts"
  },
  "36fac649-05d1-4138-86bc-3aa64eca6a93": {
    "asset": 1657531034222,
    "meta": 1657531035219,
    "relativePath": "resources\\config\\global.json"
  },
  "d5191760-3fe0-4468-82de-14ef3a3e99bf": {
    "asset": 1659011776693,
    "meta": 1659015707874,
    "relativePath": "script\\ShoeCtrl.ts"
  },
  "acd277a5-94a0-4cb4-a26e-812b9b12905b": {
    "asset": 1659594709557,
    "meta": 1659594709567,
    "relativePath": "capture_to_web.fire"
  },
  "9c998aa5-f8aa-4446-9ca4-753695994f71": {
    "asset": 1659583353218,
    "meta": 1660027769474,
    "relativePath": "resources\\bg"
  },
  "b5819914-11fa-47e3-8caa-f93afeb57230": {
    "asset": 1659583353210,
    "meta": 1659583353257,
    "relativePath": "resources\\bg\\4.png"
  },
  "2a9aea36-729d-4414-a057-ab57dafe20fc": {
    "asset": 1659583353208,
    "meta": 1659583353261,
    "relativePath": "resources\\bg\\3.png"
  },
  "513b02c1-1a13-4142-8729-4eb5af0ec08c": {
    "asset": 1659583353209,
    "meta": 1659583353263,
    "relativePath": "resources\\bg\\2.png"
  },
  "8f588f64-e1aa-4d16-95f3-aef71f007753": {
    "asset": 1659583353208,
    "meta": 1659583353266,
    "relativePath": "resources\\bg\\1.png"
  },
  "b8788620-ac76-40cd-a114-74b235ae76d2": {
    "asset": 1659583368534,
    "meta": 1660027769477,
    "relativePath": "resources\\common"
  },
  "58e5d502-fb61-420a-9978-699c9ce1b35f": {
    "asset": 1659583368532,
    "meta": 1659583368561,
    "relativePath": "resources\\common\\1.png"
  },
  "8e28e420-3312-4e21-ab14-fd82709c16de": {
    "asset": 1659583479521,
    "meta": 1660027769481,
    "relativePath": "resources\\xianglian"
  },
  "d6dd79a4-6e79-483f-aba9-8d44178db836": {
    "asset": 1659583479513,
    "meta": 1659583479554,
    "relativePath": "resources\\xianglian\\1.png"
  },
  "9d0e91ad-5290-4678-b470-d6990018d44b": {
    "asset": 1659583479514,
    "meta": 1659583479557,
    "relativePath": "resources\\xianglian\\2.png"
  },
  "0949bca6-6091-4a5e-862e-f6e485ac9bd8": {
    "asset": 1659583479516,
    "meta": 1659583479560,
    "relativePath": "resources\\xianglian\\3.png"
  },
  "62bb0919-d6aa-4840-b9ab-bd53183f479c": {
    "asset": 1659583510285,
    "meta": 1660027769485,
    "relativePath": "resources\\yifu"
  },
  "63f8ac42-7c6a-4f8d-9581-374995f4efc1": {
    "asset": 1659583510278,
    "meta": 1659583510316,
    "relativePath": "resources\\yifu\\1.png"
  },
  "4ba32431-492c-4032-9149-d88e8316e175": {
    "asset": 1659583510276,
    "meta": 1659583510318,
    "relativePath": "resources\\yifu\\3.png"
  },
  "5a79388a-176c-40ba-a4f5-d93d19622602": {
    "asset": 1659583510278,
    "meta": 1659583510320,
    "relativePath": "resources\\yifu\\2.png"
  },
  "51806a5d-14f8-4894-bc6e-529df46f0777": {
    "asset": 1659583541927,
    "meta": 1660027769479,
    "relativePath": "resources\\toufa"
  },
  "e044f085-a2d6-4cf0-b06f-05a386bb90f0": {
    "asset": 1659583541921,
    "meta": 1659583541963,
    "relativePath": "resources\\toufa\\3.png"
  },
  "5ef0dc9e-7c05-4b5f-aca1-3d07c729de3a": {
    "asset": 1659583541921,
    "meta": 1659583541966,
    "relativePath": "resources\\toufa\\1.png"
  },
  "df6ae635-6f2d-4414-81d2-07c71cccb0f7": {
    "asset": 1659583541921,
    "meta": 1659583541968,
    "relativePath": "resources\\toufa\\2.png"
  },
  "ae6134c7-c019-4884-b111-d3a0ec25614b": {
    "asset": 1659583565640,
    "meta": 1660027769489,
    "relativePath": "resources\\zui"
  },
  "1f395ff7-9a24-4a97-9643-724974ce0830": {
    "asset": 1659583565630,
    "meta": 1659583565671,
    "relativePath": "resources\\zui\\2.png"
  },
  "a137ecf7-ea93-42ee-be5c-018bcd127a7d": {
    "asset": 1659583565631,
    "meta": 1659583565675,
    "relativePath": "resources\\zui\\3.png"
  },
  "a422f77c-3c59-4bad-b4d5-44fe826f4287": {
    "asset": 1659583565631,
    "meta": 1659583565679,
    "relativePath": "resources\\zui\\1.png"
  },
  "55cf11cd-1d5d-49a2-bc0f-f2b91f2bdedd": {
    "asset": 1659583610395,
    "meta": 1660027769483,
    "relativePath": "resources\\yan"
  },
  "ccc3b542-486d-4877-9f6b-77977de8d769": {
    "asset": 1659583603795,
    "meta": 1660027769476,
    "relativePath": "resources\\bizi"
  },
  "3fc72667-588f-4e7e-920c-39e21b8eec6c": {
    "asset": 1659583603790,
    "meta": 1659583603823,
    "relativePath": "resources\\bizi\\1.png"
  },
  "18e62122-2dd7-4c21-a81f-f64a1e60ad4f": {
    "asset": 1659583603790,
    "meta": 1659583603826,
    "relativePath": "resources\\bizi\\2.png"
  },
  "58b5d7df-e5fd-4815-bc15-151947d24afa": {
    "asset": 1659583610387,
    "meta": 1659583610425,
    "relativePath": "resources\\yan\\1.png"
  },
  "a7ed5f06-c0d5-4078-a87d-cbcdb8e640a7": {
    "asset": 1659583610387,
    "meta": 1659583610428,
    "relativePath": "resources\\yan\\3.png"
  },
  "a04d65b3-8b0c-40ac-9f74-bcd90e685e44": {
    "asset": 1659583610388,
    "meta": 1659583610430,
    "relativePath": "resources\\yan\\2.png"
  },
  "6a61ac88-2836-4ba5-bdc7-600e2e7a8411": {
    "asset": 1659583650487,
    "meta": 1660027769472,
    "relativePath": "resources\\baozhi"
  },
  "68a3fbcc-1540-4547-ab0e-2b5afdb749d8": {
    "asset": 1659583650477,
    "meta": 1659583650531,
    "relativePath": "resources\\baozhi\\4.png"
  },
  "80e98f0f-a901-4843-8f5e-fcdc44ce3eaa": {
    "asset": 1659583650477,
    "meta": 1659583650535,
    "relativePath": "resources\\baozhi\\1.png"
  },
  "de6195fc-472a-40d9-877a-3d87a2f18763": {
    "asset": 1659583650477,
    "meta": 1659583650537,
    "relativePath": "resources\\baozhi\\3.png"
  },
  "b5a9666b-08e2-4451-ac6a-0916c1e11ee5": {
    "asset": 1659583650478,
    "meta": 1659583650539,
    "relativePath": "resources\\baozhi\\2.png"
  },
  "deed63c5-6838-4455-a647-8f24415dac51": {
    "asset": 1659583823094,
    "meta": 1660027769491,
    "relativePath": "resources\\zuoshou"
  },
  "d923dfe1-5897-405e-9c6b-9ecb58970272": {
    "asset": 1659583676268,
    "meta": 1659583676322,
    "relativePath": "resources\\zuoshou\\0.png"
  },
  "f418ef87-b244-488e-af35-552cbb8777e9": {
    "asset": 1659583807815,
    "meta": 1660027769487,
    "relativePath": "resources\\youshou"
  },
  "83b68195-bb3b-4c50-aed9-09f72f757ed4": {
    "asset": 1659583807809,
    "meta": 1659583807853,
    "relativePath": "resources\\youshou\\2.png"
  },
  "d34bd51d-d791-4f65-a30b-72e5e74e6e5f": {
    "asset": 1659583807810,
    "meta": 1659583807858,
    "relativePath": "resources\\youshou\\3.png"
  },
  "34a22d39-64e7-47c4-9144-06da93fa4699": {
    "asset": 1659583807809,
    "meta": 1659583807861,
    "relativePath": "resources\\youshou\\1.png"
  },
  "735c89bc-179e-4dd2-b348-5730faf94572": {
    "asset": 1659585556156,
    "meta": 1659585564669,
    "relativePath": "script\\TextureRender.ts"
  },
  "a127ffca-108c-4370-b0e1-8b45f2919e35": {
    "asset": 1659594701032,
    "meta": 1659594705414,
    "relativePath": "script\\GameScene.ts"
  },
  "9836134e-b892-4283-b6b2-78b5acf3ed45": {
    "asset": 1642412564828,
    "meta": 1663661273656,
    "relativePath": "effects"
  },
  "abc2cb62-7852-4525-a90d-d474487b88f2": {
    "asset": 1642412564812,
    "meta": 1663661273768,
    "relativePath": "effects\\builtin-phong.effect"
  },
  "e2f00085-c597-422d-9759-52c360279106": {
    "asset": 1642412564816,
    "meta": 1663661273839,
    "relativePath": "effects\\builtin-toon.effect"
  },
  "430eccbf-bf2c-4e6e-8c0c-884bbb487f32": {
    "asset": 1642412564819,
    "meta": 1663661273861,
    "relativePath": "effects\\__builtin-editor-gizmo-line.effect"
  },
  "6c5cf6e1-b044-4eac-9431-835644d57381": {
    "asset": 1642412564823,
    "meta": 1663661273877,
    "relativePath": "effects\\__builtin-editor-gizmo-unlit.effect"
  },
  "115286d1-2e10-49ee-aab4-341583f607e8": {
    "asset": 1642412564828,
    "meta": 1663661273908,
    "relativePath": "effects\\__builtin-editor-gizmo.effect"
  },
  "f8e6b000-5643-4b86-9080-aa680ce1f599": {
    "asset": 1642412564890,
    "meta": 1663661273911,
    "relativePath": "image"
  },
  "9d60001f-b5f4-4726-a629-2659e3ded0b8": {
    "asset": 1642412564862,
    "meta": 1663661272691,
    "relativePath": "image\\default_radio_button_on.png"
  },
  "cfef78f1-c8df-49b7-8ed0-4c953ace2621": {
    "asset": 1642412564852,
    "meta": 1663661272698,
    "relativePath": "image\\default_progressbar.png"
  },
  "600301aa-3357-4a10-b086-84f011fa32ba": {
    "asset": 1642412564832,
    "meta": 1663661274003,
    "relativePath": "image\\default-particle.png"
  },
  "4bab67cb-18e6-4099-b840-355f0473f890": {
    "asset": 1642412564867,
    "meta": 1663661272710,
    "relativePath": "image\\default_scrollbar_bg.png"
  },
  "5c3eedba-6c41-4c0c-9ba7-d91f813cbd1c": {
    "asset": 1642412564895,
    "meta": 1663661272735,
    "relativePath": "materials"
  },
  "71561142-4c83-4933-afca-cb7a17f67053": {
    "asset": 1642412564835,
    "meta": 1663661273998,
    "relativePath": "image\\default_btn_disabled.png"
  },
  "e851e89b-faa2-4484-bea6-5c01dd9f06e2": {
    "asset": 1642412564840,
    "meta": 1663661273985,
    "relativePath": "image\\default_btn_normal.png"
  },
  "fc09f9bd-2cce-4605-b630-8145ef809ed6": {
    "asset": 1642412564905,
    "meta": 1663661272745,
    "relativePath": "misc"
  },
  "edd215b9-2796-4a05-aaf5-81f96c9281ce": {
    "asset": 1642412564846,
    "meta": 1663661274014,
    "relativePath": "image\\default_editbox_bg.png"
  },
  "db019bf7-f71c-4111-98cf-918ea180cb48": {
    "asset": 1642412564940,
    "meta": 1663661272747,
    "relativePath": "model"
  },
  "b43ff3c2-02bb-4874-81f7-f2dea6970f18": {
    "asset": 1642412564843,
    "meta": 1663661273990,
    "relativePath": "image\\default_btn_pressed.png"
  },
  "e39e96e6-6f6e-413f-bcf1-ac7679bb648a": {
    "asset": 1642412564934,
    "meta": 1663661272752,
    "relativePath": "model\\prefab"
  },
  "d81ec8ad-247c-4e62-aa3c-d35c4193c7af": {
    "asset": 1642412564849,
    "meta": 1663661274008,
    "relativePath": "image\\default_panel.png"
  },
  "c4480a0a-6ac5-443f-8b40-361a14257fc8": {
    "asset": 1642412564894,
    "meta": 1663661274020,
    "relativePath": "materials\\builtin-phong.mtl"
  },
  "a87cc147-01b2-43f8-8e42-a7ca90b0c757": {
    "asset": 1642412564911,
    "meta": 1663661273317,
    "relativePath": "model\\prefab\\box.prefab"
  },
  "fe1417b6-fe6b-46a4-ae7c-9fd331f33a2a": {
    "asset": 1642412564914,
    "meta": 1663661273328,
    "relativePath": "model\\prefab\\capsule.prefab"
  },
  "567dcd80-8bf4-4535-8a5a-313f1caf078a": {
    "asset": 1642412564859,
    "meta": 1663661272738,
    "relativePath": "image\\default_radio_button_off.png"
  },
  "b5fc2cf2-7942-483d-be1f-bbeadc4714ad": {
    "asset": 1642412564916,
    "meta": 1663661273341,
    "relativePath": "model\\prefab\\cone.prefab"
  },
  "99170b0b-d210-46f1-b213-7d9e3f23098a": {
    "asset": 1642412564855,
    "meta": 1663661274022,
    "relativePath": "image\\default_progressbar_bg.png"
  },
  "0291c134-b3da-4098-b7b5-e397edbe947f": {
    "asset": 1642412564864,
    "meta": 1663661272750,
    "relativePath": "image\\default_scrollbar.png"
  },
  "f6e6dd15-71d1-4ffe-ace7-24fd39942c05": {
    "asset": 1642412564949,
    "meta": 1663661273372,
    "relativePath": "obsolete"
  },
  "d6d3ca85-4681-47c1-b5dd-d036a9d39ea2": {
    "asset": 1642412564870,
    "meta": 1663661273353,
    "relativePath": "image\\default_scrollbar_vertical.png"
  },
  "0275e94c-56a7-410f-bd1a-fc7483f7d14a": {
    "asset": 1642412564878,
    "meta": 1663661273358,
    "relativePath": "image\\default_sprite_splash.png"
  },
  "f743d2b6-b7ea-4c14-a55b-547ed4d0a045": {
    "asset": 1642412564959,
    "meta": 1663661273386,
    "relativePath": "particle"
  },
  "617323dd-11f4-4dd3-8eec-0caf6b3b45b9": {
    "asset": 1642412564873,
    "meta": 1663661273363,
    "relativePath": "image\\default_scrollbar_vertical_bg.png"
  },
  "ae6c6c98-11e4-452f-8758-75f5c6a56e83": {
    "asset": 1642412565081,
    "meta": 1663661273390,
    "relativePath": "prefab"
  },
  "6e056173-d285-473c-b206-40a7fff5386e": {
    "asset": 1642412564876,
    "meta": 1663661273380,
    "relativePath": "image\\default_sprite.png"
  },
  "897ef7a1-4860-4f64-968d-f5924b18668a": {
    "asset": 1642412564963,
    "meta": 1663661273430,
    "relativePath": "prefab\\2d-camera.prefab"
  },
  "a3ee0214-b432-4865-9666-4a3211814282": {
    "asset": 1642412565012,
    "meta": 1663661273433,
    "relativePath": "prefab\\light"
  },
  "70d7cdb0-04cd-41bb-9480-c06a4785f386": {
    "asset": 1642412564968,
    "meta": 1663661273437,
    "relativePath": "prefab\\3d-camera.prefab"
  },
  "70bbeb73-6dc2-4ee4-8faf-76b3a0e34ec4": {
    "asset": 1642412564970,
    "meta": 1663661273442,
    "relativePath": "prefab\\3d-particle.prefab"
  },
  "ed88f13d-fcad-4848-aa35-65a2cb973584": {
    "asset": 1642412564976,
    "meta": 1663661273449,
    "relativePath": "prefab\\3d-stage.prefab"
  },
  "972b9a4d-47ee-4c74-b5c3-61d8a69bc29f": {
    "asset": 1642412564981,
    "meta": 1663661273453,
    "relativePath": "prefab\\button.prefab"
  },
  "2c937608-2562-40ea-b264-7395df6f0cea": {
    "asset": 1642412564983,
    "meta": 1663661273459,
    "relativePath": "prefab\\canvas.prefab"
  },
  "61aeb05b-3b32-452b-8eed-2b76deeed554": {
    "asset": 1642412564988,
    "meta": 1663661273465,
    "relativePath": "prefab\\editbox.prefab"
  },
  "27756ebb-3d33-44b0-9b96-e858fadd4dd4": {
    "asset": 1642412564992,
    "meta": 1663661273471,
    "relativePath": "prefab\\label.prefab"
  },
  "785a442c-3ceb-45be-a46e-7317f625f3b9": {
    "asset": 1642412564995,
    "meta": 1663661273476,
    "relativePath": "prefab\\layout.prefab"
  },
  "ca8401fe-ad6e-41a8-bd46-8e3e4e9945be": {
    "asset": 1642412565014,
    "meta": 1663661273482,
    "relativePath": "prefab\\pageview.prefab"
  },
  "cd33edea-55f5-46c2-958d-357a01384a36": {
    "asset": 1642412565017,
    "meta": 1663661273487,
    "relativePath": "prefab\\particlesystem.prefab"
  },
  "5965ffac-69da-4b55-bcde-9225d0613c28": {
    "asset": 1642412565020,
    "meta": 1663661273496,
    "relativePath": "prefab\\progressBar.prefab"
  },
  "4a37dd57-78cd-4cec-aad4-f11a73d12b63": {
    "asset": 1642412565023,
    "meta": 1663661273501,
    "relativePath": "prefab\\richtext.prefab"
  },
  "32044bd2-481f-4cf1-a656-e2b2fb1594eb": {
    "asset": 1642412565027,
    "meta": 1663661273508,
    "relativePath": "prefab\\scrollview.prefab"
  },
  "0004d1cf-a0ad-47d8-ab17-34d3db9d35a3": {
    "asset": 1642412565033,
    "meta": 1663661273517,
    "relativePath": "prefab\\slider.prefab"
  },
  "96083d03-c332-4a3f-9386-d03e2d19e8ee": {
    "asset": 1642412565036,
    "meta": 1663661273522,
    "relativePath": "prefab\\sprite.prefab"
  },
  "1f55e3be-b89b-4b79-88de-47fd31018044": {
    "asset": 1642412565044,
    "meta": 1663661273528,
    "relativePath": "prefab\\sprite_splash.prefab"
  },
  "7de03a80-4457-438d-95a7-3e7cdffd6086": {
    "asset": 1642412565049,
    "meta": 1663661273549,
    "relativePath": "prefab\\tiledmap.prefab"
  },
  "d8afc78c-4eac-4a9f-83dd-67bc70344d33": {
    "asset": 1642412565130,
    "meta": 1663661273552,
    "relativePath": "resources"
  },
  "294c1663-4adf-4a1e-a795-53808011a38a": {
    "asset": 1642412565127,
    "meta": 1663661273554,
    "relativePath": "resources\\effects"
  },
  "0e42ba95-1fa1-46aa-b2cf-143cd1bcee2c": {
    "asset": 1642412565056,
    "meta": 1663661273557,
    "relativePath": "prefab\\tiledtile.prefab"
  },
  "bbee2217-c261-49bd-a8ce-708d6bcc3500": {
    "asset": 1642412565168,
    "meta": 1663661273561,
    "relativePath": "resources\\materials"
  },
  "0d784963-d024-4ea6-a7db-03be0ad63010": {
    "asset": 1642412565064,
    "meta": 1663661273564,
    "relativePath": "prefab\\toggle.prefab"
  },
  "d0a82d39-bede-46c4-b698-c81ff0dedfff": {
    "asset": 1642412564958,
    "meta": 1663661273539,
    "relativePath": "particle\\atom.png"
  },
  "30682f87-9f0d-4f17-8a44-72863791461b": {
    "asset": 1642412565088,
    "meta": 1663661273585,
    "relativePath": "resources\\effects\\builtin-2d-graphics.effect"
  },
  "bf0a434c-84dd-4a8e-a08a-7a36f180cc75": {
    "asset": 1642412565066,
    "meta": 1663661273588,
    "relativePath": "prefab\\toggleContainer.prefab"
  },
  "8a96b965-2dc0-4e03-aa90-3b79cb93b5b4": {
    "asset": 1642412564949,
    "meta": 1663661273545,
    "relativePath": "obsolete\\atom.png"
  },
  "144c3297-af63-49e8-b8ef-1cfa29b3be28": {
    "asset": 1642412565094,
    "meta": 1663661273607,
    "relativePath": "resources\\effects\\builtin-2d-gray-sprite.effect"
  },
  "f18742d7-56d2-4eb5-ae49-2d9d710b37c8": {
    "asset": 1642412565096,
    "meta": 1663661273635,
    "relativePath": "resources\\effects\\builtin-2d-label.effect"
  },
  "0e93aeaa-0b53-4e40-b8e0-6268b4e07bd7": {
    "asset": 1642412565101,
    "meta": 1663661273656,
    "relativePath": "resources\\effects\\builtin-2d-spine.effect"
  },
  "2874f8dd-416c-4440-81b7-555975426e93": {
    "asset": 1642412565106,
    "meta": 1663661273677,
    "relativePath": "resources\\effects\\builtin-2d-sprite.effect"
  },
  "829a282c-b049-4019-bd38-5ace8d8a6417": {
    "asset": 1642412565112,
    "meta": 1663661273772,
    "relativePath": "resources\\effects\\builtin-3d-particle.effect"
  },
  "d1b8be49-b0a0-435c-83b7-552bed4bbe35": {
    "asset": 1642412565070,
    "meta": 1663661273783,
    "relativePath": "prefab\\toggleGroup.prefab"
  },
  "2a7c0036-e0b3-4fe1-8998-89a54b8a2bec": {
    "asset": 1642412565116,
    "meta": 1663661273814,
    "relativePath": "resources\\effects\\builtin-3d-trail.effect"
  },
  "232d2782-c4bd-4bb4-9e01-909f03d6d3b9": {
    "asset": 1642412565078,
    "meta": 1663661273818,
    "relativePath": "prefab\\videoplayer.prefab"
  },
  "c0040c95-c57f-49cd-9cbc-12316b73d0d4": {
    "asset": 1642412565122,
    "meta": 1663661273838,
    "relativePath": "resources\\effects\\builtin-clear-stencil.effect"
  },
  "6d91e591-4ce0-465c-809f-610ec95019c6": {
    "asset": 1642412565126,
    "meta": 1663661273863,
    "relativePath": "resources\\effects\\builtin-unlit.effect"
  },
  "61906da3-7003-4bda-9abc-5769c76faee4": {
    "asset": 1642412565001,
    "meta": 1663661273873,
    "relativePath": "prefab\\light\\ambient.prefab"
  },
  "8c5001fd-07ee-4a4b-a8a0-63e15195e94d": {
    "asset": 1642412565080,
    "meta": 1663661273878,
    "relativePath": "prefab\\webview.prefab"
  },
  "ddb99b39-7004-47cd-9705-751905c43c46": {
    "asset": 1642412565004,
    "meta": 1663661273883,
    "relativePath": "prefab\\light\\directional.prefab"
  },
  "0cf30284-9073-46bc-9eba-e62b69dbbff3": {
    "asset": 1642412565008,
    "meta": 1663661273889,
    "relativePath": "prefab\\light\\point.prefab"
  },
  "f5331fd2-bf42-4ee3-a3fd-3e1657600eff": {
    "asset": 1642412565011,
    "meta": 1663661273895,
    "relativePath": "prefab\\light\\spot.prefab"
  },
  "7afd064b-113f-480e-b793-8817d19f63c3": {
    "asset": 1642412565146,
    "meta": 1663661274100,
    "relativePath": "resources\\materials\\builtin-2d-spine.mtl"
  },
  "6f801092-0c37-4f30-89ef-c8d960825b36": {
    "asset": 1642412565133,
    "meta": 1663661274102,
    "relativePath": "resources\\materials\\builtin-2d-base.mtl"
  },
  "a153945d-2511-4c14-be7b-05d242f47d57": {
    "asset": 1642412565136,
    "meta": 1663661274104,
    "relativePath": "resources\\materials\\builtin-2d-graphics.mtl"
  },
  "3a7bb79f-32fd-422e-ada2-96f518fed422": {
    "asset": 1642412565139,
    "meta": 1663661274107,
    "relativePath": "resources\\materials\\builtin-2d-gray-sprite.mtl"
  },
  "e02d87d4-e599-4d16-8001-e14891ac6506": {
    "asset": 1642412565144,
    "meta": 1663661274111,
    "relativePath": "resources\\materials\\builtin-2d-label.mtl"
  },
  "432fa09c-cf03-4cff-a186-982604408a07": {
    "asset": 1642412565152,
    "meta": 1663661274114,
    "relativePath": "resources\\materials\\builtin-3d-particle.mtl"
  },
  "eca5d2f2-8ef6-41c2-bbe6-f9c79d09c432": {
    "asset": 1642412565150,
    "meta": 1663661274117,
    "relativePath": "resources\\materials\\builtin-2d-sprite.mtl"
  },
  "cf7e0bb8-a81c-44a9-ad79-d28d43991032": {
    "asset": 1642412565162,
    "meta": 1663661274120,
    "relativePath": "resources\\materials\\builtin-clear-stencil.mtl"
  },
  "466d4f9b-e5f4-4ea8-85d5-3c6e9a65658a": {
    "asset": 1642412565158,
    "meta": 1663661274122,
    "relativePath": "resources\\materials\\builtin-3d-trail.mtl"
  },
  "2a296057-247c-4a1c-bbeb-0548b6c98650": {
    "asset": 1642412565167,
    "meta": 1663661274126,
    "relativePath": "resources\\materials\\builtin-unlit.mtl"
  },
  "b2687ac4-099e-403c-a192-ff477686f4f5": {
    "asset": 1642412564954,
    "meta": 1663661274154,
    "relativePath": "particle\\atom.plist"
  },
  "b8223619-7e38-47c4-841f-9160c232495a": {
    "asset": 1642412564946,
    "meta": 1663661274158,
    "relativePath": "obsolete\\atom.plist"
  },
  "954fec8b-cd16-4bb9-a3b7-7719660e7558": {
    "asset": 1642412564938,
    "meta": 1663661274174,
    "relativePath": "model\\primitives.fbx"
  },
  "1c5e4038-953a-44c2-b620-0bbfc6170477": {
    "asset": 1642412564920,
    "meta": 1663661274991,
    "relativePath": "model\\prefab\\cylinder.prefab"
  },
  "6c9ef10d-b479-420b-bfe6-39cdda6a8ae0": {
    "asset": 1642412564927,
    "meta": 1663661274995,
    "relativePath": "model\\prefab\\quad.prefab"
  },
  "3f376125-a699-40ca-ad05-04d662eaa1f2": {
    "asset": 1642412564924,
    "meta": 1663661274999,
    "relativePath": "model\\prefab\\plane.prefab"
  },
  "2d9a4b85-b0ab-4c46-84c5-18f393ab2058": {
    "asset": 1642412564930,
    "meta": 1663661275002,
    "relativePath": "model\\prefab\\sphere.prefab"
  },
  "de510076-056b-484f-b94c-83bef217d0e1": {
    "asset": 1642412564932,
    "meta": 1663661275005,
    "relativePath": "model\\prefab\\torus.prefab"
  },
  "2be36297-9abb-4fee-8049-9ed5e271da8a": {
    "asset": 1642412564903,
    "meta": 1663661275050,
    "relativePath": "misc\\default_video.mp4"
  },
  "b181c1e4-0a72-4a91-bfb0-ae6f36ca60bd": {
    "asset": 1642412564890,
    "meta": 1663661275036,
    "relativePath": "image\\default_toggle_pressed.png"
  },
  "c25b9d50-c8fc-4d27-beeb-6e7c1f2e5c0f": {
    "asset": 1642412564883,
    "meta": 1663661275038,
    "relativePath": "image\\default_toggle_disabled.png"
  },
  "73a0903d-d80e-4e3c-aa67-f999543c08f5": {
    "asset": 1642412564881,
    "meta": 1663661275042,
    "relativePath": "image\\default_toggle_checkmark.png"
  },
  "d29077ba-1627-4a72-9579-7b56a235340c": {
    "asset": 1642412564885,
    "meta": 1663661275047,
    "relativePath": "image\\default_toggle_normal.png"
  }
}