{
  "title": "Hood",
  "packageName": "org.cocos2d.demo",
  "startScene": "acd277a5-94a0-4cb4-a26e-812b9b12905b",
  "excludeScenes": [],
  "orientation": {
    "landscapeRight": true,
    "landscapeLeft": true,
    "portrait": false,
    "upsideDown": false
  },
  "webOrientation": "landscape",
  "inlineSpriteFrames": true,
  "inlineSpriteFrames_native": true,
  "mainCompressionType": "default",
  "mainIsRemote": false,
  "optimizeHotUpdate": false,
  "md5Cache": true,
  "nativeMd5Cache": true,
  "encryptJs": true,
  "xxteaKey": "8008c2dd-efd2-4a",
  "zipCompressJs": true,
  "fb-instant-games": {},
  "android": {
    "packageName": "org.cocos2d.demo",
    "REMOTE_SERVER_ROOT": ""
  },
  "ios": {
    "packageName": "org.cocos2d.demo",
    "REMOTE_SERVER_ROOT": "",
    "ios_enable_jit": true
  },
  "mac": {
    "packageName": "org.cocos2d.demo",
    "REMOTE_SERVER_ROOT": "",
    "width": 1280,
    "height": 720
  },
  "win32": {
    "REMOTE_SERVER_ROOT": "",
    "width": 1280,
    "height": 720
  },
  "android-instant": {
    "packageName": "org.cocos2d.demo",
    "REMOTE_SERVER_ROOT": "",
    "pathPattern": "",
    "scheme": "https",
    "host": "",
    "skipRecord": false,
    "recordPath": ""
  },
  "appBundle": false,
  "agreements": {}
}
